N,Flops,s
4096,7.834e+08,175.431162
4096,7.888e+08,174.238817
4096,7.847e+08,175.138502
4096,7.884e+08,174.336060
4096,7.896e+08,174.056578
