N,Flops,s
4096,6.279e+08,218.893071
4096,6.371e+08,215.733741
4096,6.292e+08,218.420613
4096,6.374e+08,215.628148
4096,6.361e+08,216.076394
