N,Flops,s
64,320260000,0.0000004
128,455020000,0.0000004
256,534140000,0.000001
512,621540000,0.000002
1024,642140000,0.000003
2048,460800000,0.0000108
4096,452060000,0.000024