N,Flops,s
64,613800000,0.0009216
128,655600000,0.0064002
256,638400000,0.0525616
512,559800000,0.5032862
1024,516200000,4.1621604
2048,529000000,32.4789572
4096,166200000,829.8783406