N,Flops,s
4096,3.095e+08,444.088076
4096,2.956e+08,464.910446
4096,2.130e+08,645.243473
4096,2.165e+08,634.798389
4096,2.991e+08,459.547325
