N,Flops,s
64,540100000,0.00002
128,551360000,0.0000784
256,536180000,0.000262
512,644580000,0.0008124
1024,649160000,0.003229
2048,758520000,0.0111186
4096,757780000,0.0445144